origin,host_family,host_genus,host_species,virus_genus,virus_subgenus
Anthony,Vespertilionidae,Myotis,Myotis lucifugus,Alphacoronavirus,NA
Anthony,Hipposideridae,Hipposideros,Hipposideros caffer,Alphacoronavirus,NA
Anthony,Pteropodidae,Rousettus,Rousettus aegyptiacus,Alphacoronavirus,NA
Anthony,Hipposideridae,Hipposideros,Hipposideros vittatus,Alphacoronavirus,NA
Anthony,Miniopteridae,Miniopterus,Miniopterus schreibersii,Alphacoronavirus,NA
Anthony,Vespertilionidae,Myotis,Myotis lucifugus,Alphacoronavirus,Colacovirus
Anthony,Hipposideridae,Hipposideros,Hipposideros abae,Alphacoronavirus,Duvinacovirus
Anthony,Hipposideridae,Hipposideros,Hipposideros ruber,Alphacoronavirus,Duvinacovirus
Anthony,Hipposideridae,Hipposideros,Hipposideros caffer,Alphacoronavirus,Duvinacovirus
Anthony,Miniopteridae,Miniopterus,Miniopterus magnater,Alphacoronavirus,Minunacovirus
Anthony,Miniopteridae,Miniopterus,Miniopterus schreibersii,Alphacoronavirus,Minunacovirus
Anthony,Miniopteridae,Miniopterus,Miniopterus schreibersii,Alphacoronavirus,Minunacovirus
Anthony,Vespertilionidae,Myotis,Myotis ricketti,Alphacoronavirus,NA
Anthony,Vespertilionidae,Nyctalus,Nyctalus plancyi,Alphacoronavirus,NA
Anthony,Vespertilionidae,Scotophilus,Scotophilus kuhlii,Alphacoronavirus,Pedacovirus
Anthony,Vespertilionidae,Pipistrellus,Pipistrellus coromandra,Alphacoronavirus,Pedacovirus
Anthony,Vespertilionidae,Myotis,Myotis horsfieldii,Alphacoronavirus,Pedacovirus
Anthony,Rhinolophidae,Rhinolophus,Rhinolophus rex,Alphacoronavirus,Rhinacovirus
Anthony,Hipposideridae,Hipposideros,Hipposideros pratti,Alphacoronavirus,Rhinacovirus
Anthony,Rhinolophidae,Rhinolophus,Rhinolophus ferrumequinum,Alphacoronavirus,NA
Anthony,Pteropodidae,Pteropus,Pteropus giganteus,Alphacoronavirus,Tegacovirus
Anthony,Vespertilionidae,Myotis,Myotis davidii,Alphacoronavirus,NA
Anthony,Miniopteridae,Miniopterus,Miniopterus schreibersii,Alphacoronavirus,NA
Anthony,Vespertilionidae,Murina,Murina leucogaster,Alphacoronavirus,NA
Anthony,Hipposideridae,Hipposideros,Hipposideros larvatus,Alphacoronavirus,NA
Anthony,Molossidae,Chaerephon,Chaerephon pumilus,Alphacoronavirus,NA
Anthony,Miniopteridae,Miniopterus,Miniopterus inflatus,Alphacoronavirus,NA
Anthony,Miniopteridae,Miniopterus,Miniopterus natalensis,Alphacoronavirus,NA
Anthony,Mystacinidae,Mystacina,Mystacina tuberculata,Alphacoronavirus,NA
Anthony,Hipposideridae,Hipposideros,Hipposideros diadema,Alphacoronavirus,NA
Anthony,Hipposideridae,Hipposideros,Hipposideros bicolor,Alphacoronavirus,NA
Anthony,Hipposideridae,Hipposideros,Hipposideros gigas,Alphacoronavirus,NA
Anthony,Hipposideridae,Triaenops,Triaenops persicus,Alphacoronavirus,NA
Anthony,Hipposideridae,Triaenops,Triaenops persicus,Alphacoronavirus,NA
Anthony,Phyllostomidae,Sturnira,Sturnira erythromos,Alphacoronavirus,NA
Anthony,Phyllostomidae,Anoura,Anoura caudifer,Alphacoronavirus,NA
Anthony,Phyllostomidae,Sturnira,Sturnira lilium,Alphacoronavirus,NA
Anthony,Phyllostomidae,Artibeus,Artibeus lituratus,Alphacoronavirus,NA
Anthony,Phyllostomidae,Glossophaga,Glossophaga soricina,Alphacoronavirus,NA
Anthony,Phyllostomidae,Lichonycteris,Lichonycteris obscura,Alphacoronavirus,NA
Anthony,Rhinolophidae,Rhinolophus,Rhinolophus shameli,Alphacoronavirus,NA
Anthony,Vespertilionidae,Scotophilus,Scotophilus kuhlii,Alphacoronavirus,NA
Anthony,Vespertilionidae,Pipistrellus,Pipistrellus coromandra,Alphacoronavirus,NA
Anthony,Miniopteridae,Miniopterus,Miniopterus magnater,Alphacoronavirus,NA
Anthony,Rhinolophidae,Rhinolophus,Rhinolophus coelophyllus,Alphacoronavirus,NA
Anthony,Hipposideridae,Hipposideros,Hipposideros lekaguli,Alphacoronavirus,NA
Anthony,Phyllostomidae,Artibeus,Artibeus jamaicensis,Alphacoronavirus,NA
Anthony,Vespertilionidae,Pipistrellus,Pipistrellus pipistrellus,Alphacoronavirus,NA
Anthony,Vespertilionidae,Myotis,Myotis daubentonii,Alphacoronavirus,NA
Anthony,Vespertilionidae,Myotis,Myotis longipes,Alphacoronavirus,NA
Anthony,Vespertilionidae,Myotis,Myotis myotis,Alphacoronavirus,NA
Anthony,Rhinolophidae,Rhinolophus,Rhinolophus sinicus,Alphacoronavirus,NA
Anthony,Rhinolophidae,Rhinolophus,Rhinolophus affinis,Alphacoronavirus,NA
Anthony,Vespertilionidae,Scotophilus,Scotophilus dinganii,Alphacoronavirus,NA
Anthony,Phyllostomidae,Mesophylla,Mesophylla macconnelli,Alphacoronavirus,NA
Anthony,Vespertilionidae,Scotophilus,Scotophilus leucogaster,Alphacoronavirus,NA
Anthony,Molossidae,Mops,Mops condylurus,Alphacoronavirus,NA
Anthony,Vespertilionidae,Scotophilus,Scotophilus nux,Alphacoronavirus,NA
Anthony,Pteropodidae,Pteropus,Pteropus giganteus,Alphacoronavirus,NA
Anthony,Pteropodidae,Eonycteris,Eonycteris spelaea,Alphacoronavirus,NA
Anthony,Hipposideridae,Hipposideros,Hipposideros armiger,Alphacoronavirus,NA
Anthony,Vespertilionidae,Eptesicus,Eptesicus fuscus,Alphacoronavirus,NA
Anthony,Rhinolophidae,Rhinolophus,Rhinolophus euryale,Alphacoronavirus,NA
Anthony,Miniopteridae,Miniopterus,Miniopterus australis,Alphacoronavirus,NA
Anthony,Rhinolophidae,Rhinolophus,Rhinolophus megaphyllus,Alphacoronavirus,NA
Anthony,Vespertilionidae,Myotis,Myotis macropus,Alphacoronavirus,NA
Anthony,Rhinopomatidae,Rhinopoma,Rhinopoma hardwickii,Alphacoronavirus,NA
Anthony,Vespertilionidae,Pipistrellus,Pipistrellus kuhlii,Alphacoronavirus,NA
Anthony,Pteropodidae,Cynopterus,Cynopterus sphinx,Alphacoronavirus,NA
Anthony,Vespertilionidae,Tylonycteris,Tylonycteris robustula,Alphacoronavirus,NA
Anthony,Vespertilionidae,Myotis,Myotis velifer,Alphacoronavirus,NA
Anthony,Molossidae,Tadarida,Tadarida brasiliensis,Alphacoronavirus,NA
Anthony,Phyllostomidae,Carollia,Carollia brevicauda,Alphacoronavirus,NA
Anthony,Phyllostomidae,Artibeus,Artibeus jamaicensis,Alphacoronavirus,NA
Anthony,Phyllostomidae,Carollia,Carollia perspicillata,Alphacoronavirus,NA
Anthony,Phyllostomidae,Lonchorhina,Lonchorhina aurita,Alphacoronavirus,NA
Anthony,Vespertilionidae,Myotis,Myotis riparius,Alphacoronavirus,NA
Anthony,Vespertilionidae,Myotis,Myotis nigricans,Alphacoronavirus,NA
Anthony,Molossidae,Molossus,Molossus rufus,Alphacoronavirus,NA
Anthony,Vespertilionidae,Myotis,Myotis nattereri,Alphacoronavirus,NA
Anthony,Megadermatidae,Cardioderma,Cardioderma cor,Alphacoronavirus,NA
Anthony,Vespertilionidae,Myotis,Myotis horsfieldii,Alphacoronavirus,NA
Anthony,Pteropodidae,Epomophorus,Epomophorus gambianus,Alphacoronavirus,NA
Anthony,Vespertilionidae,Pipistrellus,Pipistrellus inexspectatus,Alphacoronavirus,NA
Anthony,Pteropodidae,Micropteropus,Micropteropus pusillus,Alphacoronavirus,NA
Anthony,Pteropodidae,Megaloglossus,Megaloglossus woermanni,Alphacoronavirus,NA
Anthony,Pteropodidae,Eidolon,Eidolon helvum,Alphacoronavirus,NA
Anthony,Vespertilionidae,Myotis,Myotis emarginatus,Alphacoronavirus,NA
Anthony,Molossidae,Cynomops,Cynomops abrasus,Alphacoronavirus,NA
Anthony,Molossidae,Cynomops,Cynomops planirostris,Alphacoronavirus,NA
Anthony,Phyllostomidae,Desmodus,Desmodus rotundus,Alphacoronavirus,NA
Anthony,Vespertilionidae,Perimyotis,Pipistrellus subflavus,Alphacoronavirus,NA
Anthony,Vespertilionidae,Chalinolobus,Chalinolobus gouldii,Alphacoronavirus,NA
Anthony,Vespertilionidae,Falsistrellus,Falsistrellus mackenziei,Alphacoronavirus,NA
Anthony,Vespertilionidae,Vespadelus,Vespadelus regulus,Alphacoronavirus,NA
Anthony,Vespertilionidae,Vespadelus,Vespadelus baverstocki,Alphacoronavirus,NA
Anthony,Vespertilionidae,Chalinolobus,Chalinolobus morio,Alphacoronavirus,NA
Anthony,Vespertilionidae,Neoromicia,Neoromicia capensis,Alphacoronavirus,NA
Anthony,Vespertilionidae,Myotis,Myotis brandtii,Alphacoronavirus,NA
Anthony,Rhinolophidae,Rhinolophus,Rhinolophus capensis,Alphacoronavirus,NA
Anthony,Vespertilionidae,Neoromicia,Neoromicia nanus,Alphacoronavirus,NA
Anthony,Rhinolophidae,Rhinolophus,Rhinolophus clivosus,Alphacoronavirus,NA
Anthony,Rhinolophidae,Rhinolophus,Rhinolophus simulator,Alphacoronavirus,NA
Anthony,Vespertilionidae,Myotis,Myotis punicus,Alphacoronavirus,NA
Anthony,Vespertilionidae,Eptesicus,Eptesicus serotinus,Alphacoronavirus,NA
Anthony,Vespertilionidae,Myotis,Myotis capaccinii,Alphacoronavirus,NA
Anthony,Vespertilionidae,Pipistrellus,Pipistrellus abramus,Alphacoronavirus,NA
Anthony,Vespertilionidae,Myotis,Myotis volans,Alphacoronavirus,NA
Anthony,Rhinolophidae,Rhinolophus,Rhinolophus stheno,Alphacoronavirus,NA
Anthony,Pteropodidae,Rousettus,Rousettus leschenaultii,Alphacoronavirus,NA
Anthony,Hipposideridae,Hipposideros,Hipposideros pomona,Alphacoronavirus,NA
Anthony,Vespertilionidae,Myotis,Myotis blythii,Alphacoronavirus,NA
Anthony,Vespertilionidae,Hypsugo,Hypsugo savii,Alphacoronavirus,NA
Anthony,Vespertilionidae,Nyctalus,Nyctalus lasiopterus,Alphacoronavirus,NA
Anthony,Hipposideridae,Hipposideros,Hipposideros larvatus,Alphacoronavirus,Decacovirus
Anthony,Hipposideridae,Hipposideros,Hipposideros pomona,Alphacoronavirus,Decacovirus
Anthony,Pteropodidae,Rousettus,Rousettus aegyptiacus,Alphacoronavirus,Duvinacovirus
Anthony,Miniopteridae,Miniopterus,Miniopterus pusillus,Alphacoronavirus,Minunacovirus
Anthony,Rhinolophidae,Rhinolophus,Rhinolophus affinis,Alphacoronavirus,Rhinacovirus
HP3,Hipposideridae,Hipposideros,Hipposideros caffer,Alphavirus,NA
HP3,Pteropodidae,Rousettus,Rousettus aegyptiacus,Alphavirus,NA
HP3,Pteropodidae,Rousettus,Rousettus leschenaultii,Alphavirus,NA
HP3,Vespertilionidae,Scotophilus,Scotophilus kuhlii,Alphavirus,NA
HP3,Molossidae,Chaerephon,Chaerephon pumilus,Alphavirus,NA
HP3,Phyllostomidae,Artibeus,Artibeus jamaicensis,Alphavirus,NA
HP3,Phyllostomidae,Artibeus,Artibeus lituratus,Alphavirus,NA
HP3,Phyllostomidae,Carollia,Carollia perspicillata,Alphavirus,NA
HP3,Vespertilionidae,Eptesicus,Eptesicus fuscus,Alphavirus,NA
HP3,Phyllostomidae,Glossophaga,Glossophaga soricina,Alphavirus,NA
HP3,Vespertilionidae,Lasiurus,Lasiurus cinereus,Alphavirus,NA
HP3,Vespertilionidae,Myotis,Myotis keenii,Alphavirus,NA
HP3,Vespertilionidae,Myotis,Myotis lucifugus,Alphavirus,NA
HP3,Vespertilionidae,Myotis,Myotis septentrionalis,Alphavirus,NA
HP3,Phyllostomidae,Phyllostomus,Phyllostomus hastatus,Alphavirus,NA
HP3,Phyllostomidae,Platyrrhinus,Platyrrhinus helleri,Alphavirus,NA
HP3,Emballonuridae,Rhynchonycteris,Rhynchonycteris naso,Alphavirus,NA
HP3,Phyllostomidae,Sturnira,Sturnira lilium,Alphavirus,NA
HP3,Molossidae,Tadarida,Tadarida brasiliensis,Alphavirus,NA
HP3,Molossidae,Molossus,Molossus rufus,Alphavirus,NA
HP3,Pteropodidae,Pteropus,Pteropus alecto,Alphavirus,NA
HP3,Phyllostomidae,Dermanura,Artibeus phaeotis,Alphavirus,NA
HP3,Phyllostomidae,Carollia,Carollia brevicauda,Alphavirus,NA
HP3,Phyllostomidae,Carollia,Carollia subrufa,Alphavirus,NA
HP3,Phyllostomidae,Desmodus,Desmodus rotundus,Alphavirus,NA
HP3,Phyllostomidae,Glossophaga,Glossophaga commissarisi,Alphavirus,NA
HP3,Vespertilionidae,Myotis,Myotis nigricans,Alphavirus,NA
HP3,Phyllostomidae,Phyllostomus,Phyllostomus discolor,Alphavirus,NA
HP3,Phyllostomidae,Sturnira,Sturnira ludovici,Alphavirus,NA
HP3,Phyllostomidae,Uroderma,Uroderma bilobatum,Alphavirus,NA
Anthony,Hipposideridae,Hipposideros,Hipposideros pratti,Betacoronavirus,NA
Anthony,Rhinolophidae,Rhinolophus,Rhinolophus sinicus,Betacoronavirus,NA
Anthony,Rhinolophidae,Rhinolophus,Rhinolophus ferrumequinum,Betacoronavirus,NA
Anthony,Hipposideridae,Aselliscus,Aselliscus stoliczkanus,Betacoronavirus,NA
Anthony,Molossidae,Chaerephon,Chaerephon plicatus,Betacoronavirus,NA
Anthony,Rhinolophidae,Rhinolophus,Rhinolophus pusillus,Betacoronavirus,NA
Anthony,Vespertilionidae,Hypsugo,Hypsugo savii,Betacoronavirus,NA
Anthony,Vespertilionidae,Neoromicia,Neoromicia capensis,Betacoronavirus,NA
Anthony,Vespertilionidae,Pipistrellus,Pipistrellus kuhlii,Betacoronavirus,NA
Anthony,Pteropodidae,Rousettus,Rousettus leschenaultii,Betacoronavirus,NA
Anthony,Vespertilionidae,Tylonycteris,Tylonycteris pachypus,Betacoronavirus,NA
Anthony,Vespertilionidae,Pipistrellus,Pipistrellus abramus,Betacoronavirus,NA
Anthony,Vespertilionidae,Vespertilio,Vespertilio sinensis,Betacoronavirus,NA
Anthony,Vespertilionidae,Myotis,Myotis emarginatus,Betacoronavirus,NA
Anthony,Pteropodidae,Pteropus,Pteropus alecto,Betacoronavirus,Embecovirus
Anthony,Vespertilionidae,Neoromicia,Neoromicia capensis,Betacoronavirus,Merbecovirus
Anthony,Vespertilionidae,Pipistrellus,Pipistrellus hesperidus,Betacoronavirus,Merbecovirus
Anthony,Vespertilionidae,Pipistrellus,Pipistrellus pipistrellus,Betacoronavirus,Merbecovirus
Anthony,Vespertilionidae,Tylonycteris,Tylonycteris pachypus,Betacoronavirus,Merbecovirus
Anthony,Vespertilionidae,Vespertilio,Vespertilio sinensis,Betacoronavirus,Merbecovirus
Anthony,Pteropodidae,Rousettus,Rousettus aegyptiacus,Betacoronavirus,Nobecovirus
Anthony,Pteropodidae,Eidolon,Eidolon helvum,Betacoronavirus,Nobecovirus
Anthony,Pteropodidae,Eonycteris,Eonycteris spelaea,Betacoronavirus,Nobecovirus
Anthony,Pteropodidae,Rousettus,Rousettus amplexicaudatus,Betacoronavirus,Nobecovirus
Anthony,Pteropodidae,Rousettus,Rousettus leschenaultii,Betacoronavirus,Nobecovirus
Anthony,Rhinolophidae,Rhinolophus,Rhinolophus sinicus,Betacoronavirus,Sarbecovirus
Anthony,Rhinolophidae,Rhinolophus,Rhinolophus ferrumequinum,Betacoronavirus,Sarbecovirus
Anthony,Rhinolophidae,Rhinolophus,Rhinolophus affinis,Betacoronavirus,Sarbecovirus
Anthony,Rhinolophidae,Rhinolophus,Rhinolophus macrotis,Betacoronavirus,Sarbecovirus
Anthony,Rhinolophidae,Rhinolophus,Rhinolophus monoceros,Betacoronavirus,Sarbecovirus
Anthony,Rhinolophidae,Rhinolophus,Rhinolophus rex,Betacoronavirus,Sarbecovirus
Anthony,Rhinolophidae,Rhinolophus,Rhinolophus pearsonii,Betacoronavirus,Sarbecovirus
Anthony,Miniopteridae,Miniopterus,Miniopterus schreibersii,Betacoronavirus,Sarbecovirus
Anthony,Rhinolophidae,Rhinolophus,Rhinolophus thomasi,Betacoronavirus,Sarbecovirus
Anthony,Rhinolophidae,Rhinolophus,Rhinolophus cornutus,Betacoronavirus,Sarbecovirus
Anthony,Hipposideridae,Hipposideros,Hipposideros armiger,Betacoronavirus,Sarbecovirus
HP3,Rhinolophidae,Rhinolophus,Rhinolophus blasii,Betacoronavirus,NA
HP3,Rhinolophidae,Rhinolophus,Rhinolophus euryale,Betacoronavirus,NA
HP3,Rhinolophidae,Rhinolophus,Rhinolophus ferrumequinum,Betacoronavirus,NA
HP3,Rhinolophidae,Rhinolophus,Rhinolophus macrotis,Betacoronavirus,NA
HP3,Rhinolophidae,Rhinolophus,Rhinolophus mehelyi,Betacoronavirus,NA
HP3,Rhinolophidae,Rhinolophus,Rhinolophus pearsonii,Betacoronavirus,NA
HP3,Rhinolophidae,Rhinolophus,Rhinolophus pusillus,Betacoronavirus,NA
HP3,Rhinolophidae,Rhinolophus,Rhinolophus sinicus,Betacoronavirus,NA
HP3,Pteropodidae,Rousettus,Rousettus leschenaultii,Betacoronavirus,NA
Anthony,Hipposideridae,Hipposideros,Hipposideros commersoni,Betacoronavirus,NA
Anthony,Pteropodidae,Rousettus,Rousettus aegyptiacus,Betacoronavirus,NA
Anthony,Pteropodidae,Cynopterus,Cynopterus brachyotis,Betacoronavirus,NA
Anthony,Hipposideridae,Hipposideros,Hipposideros galeritus,Betacoronavirus,NA
Anthony,Rhinolophidae,Rhinolophus,Rhinolophus creaghi,Betacoronavirus,NA
Anthony,Pteropodidae,Dyacopterus,Dyacopterus spadiceus,Betacoronavirus,NA
Anthony,Pteropodidae,Cynopterus,Cynopterus horsfieldii,Betacoronavirus,NA
Anthony,Hipposideridae,Hipposideros,Hipposideros caffer,Betacoronavirus,NA
Anthony,Pteropodidae,Megaloglossus,Megaloglossus woermanni,Betacoronavirus,NA
Anthony,Hipposideridae,Hipposideros,Hipposideros ruber,Betacoronavirus,NA
Anthony,Pteropodidae,Pteropus,Pteropus giganteus,Betacoronavirus,NA
Anthony,Rhinolophidae,Rhinolophus,Rhinolophus clivosus,Betacoronavirus,NA
Anthony,Phyllostomidae,Artibeus,Artibeus obscurus,Betacoronavirus,NA
Anthony,Mormoopidae,Pteronotus,Pteronotus parnellii,Betacoronavirus,NA
Anthony,Pteropodidae,Megaerops,Megaerops niphanae,Betacoronavirus,NA
Anthony,Pteropodidae,Cynopterus,Cynopterus sphinx,Betacoronavirus,NA
Anthony,Vespertilionidae,Myotis,Myotis ricketti,Betacoronavirus,NA
Anthony,Vespertilionidae,Pipistrellus,Pipistrellus pipistrellus,Betacoronavirus,NA
Anthony,Pteropodidae,Pteropus,Pteropus alecto,Betacoronavirus,NA
Anthony,Molossidae,Mops,Mops condylurus,Betacoronavirus,NA
Anthony,Pteropodidae,Epomops,Epomops franqueti,Betacoronavirus,NA
Anthony,Pteropodidae,Eonycteris,Eonycteris spelaea,Betacoronavirus,NA
Anthony,Hipposideridae,Rhinonicteris,Rhinonicteris aurantia,Betacoronavirus,NA
Anthony,Rhinolophidae,Rhinolophus,Rhinolophus euryale,Betacoronavirus,NA
Anthony,Pteropodidae,Dobsonia,Dobsonia moluccensis,Betacoronavirus,NA
Anthony,Emballonuridae,Taphozous,Taphozous perforatus,Betacoronavirus,NA
Anthony,Rhinopomatidae,Rhinopoma,Rhinopoma hardwickii,Betacoronavirus,NA
Anthony,Pteropodidae,Ptenochirus,Ptenochirus jagori,Betacoronavirus,NA
Anthony,Vespertilionidae,Pipistrellus,Pipistrellus nathusii,Betacoronavirus,NA
Anthony,Vespertilionidae,Pipistrellus,Pipistrellus pygmaeus,Betacoronavirus,NA
Anthony,Rhinolophidae,Rhinolophus,Rhinolophus affinis,Betacoronavirus,NA
Anthony,Phyllostomidae,Artibeus,Artibeus lituratus,Betacoronavirus,NA
Anthony,Phyllostomidae,Dermanura,Artibeus phaeotis,Betacoronavirus,NA
Anthony,Molossidae,Nyctinomops,Nyctinomops laticaudatus,Betacoronavirus,NA
Anthony,Molossidae,Eumops,Eumops glaucinus,Betacoronavirus,NA
Anthony,Vespertilionidae,Myotis,Myotis dasycneme,Betacoronavirus,NA
Anthony,Vespertilionidae,Myotis,Myotis daubentonii,Betacoronavirus,NA
Anthony,Vespertilionidae,Nyctalus,Nyctalus noctula,Betacoronavirus,NA
Anthony,Pteropodidae,Pteropus,Pteropus rufus,Betacoronavirus,NA
Anthony,Pteropodidae,Eidolon,Eidolon dupreanum,Betacoronavirus,NA
Anthony,Mormoopidae,Pteronotus,Pteronotus davyi,Betacoronavirus,NA
Anthony,Pteropodidae,Eidolon,Eidolon helvum,Betacoronavirus,NA
Anthony,Pteropodidae,Micropteropus,Micropteropus pusillus,Betacoronavirus,NA
Anthony,Hipposideridae,Triaenops,Triaenops persicus,Betacoronavirus,NA
Anthony,Pteropodidae,Epomophorus,Epomophorus labiatus,Betacoronavirus,NA
Anthony,Pteropodidae,Epomophorus,Epomophorus gambianus,Betacoronavirus,NA
Anthony,Vespertilionidae,Scotophilus,Scotophilus dinganii,Betacoronavirus,NA
Anthony,Vespertilionidae,Scotophilus,Scotophilus leucogaster,Betacoronavirus,NA
Anthony,Vespertilionidae,Ia,Ia io,Betacoronavirus,NA
Anthony,Hipposideridae,Hipposideros,Hipposideros armiger,Betacoronavirus,NA
Anthony,Rhinolophidae,Rhinolophus,Rhinolophus hipposideros,Betacoronavirus,NA
Anthony,Rhinolophidae,Rhinolophus,Rhinolophus blasii,Betacoronavirus,NA
Anthony,Vespertilionidae,Eptesicus,Eptesicus nilssonii,Betacoronavirus,NA
Anthony,Vespertilionidae,Pipistrellus,Pipistrellus hesperidus,Betacoronavirus,NA
Anthony,Vespertilionidae,Eptesicus,Eptesicus serotinus,Betacoronavirus,NA
Anthony,Phyllostomidae,Carollia,Carollia perspicillata,Betacoronavirus,NA
Anthony,Vespertilionidae,Pipistrellus,Pipistrellus abramus,Betacoronavirus,Merbecovirus
HP3,Pteropodidae,Rousettus,Rousettus amplexicaudatus,Ebolavirus,NA
HP3,Pteropodidae,Rousettus,Rousettus leschenaultii,Ebolavirus,NA
HP3,Pteropodidae,Eidolon,Eidolon helvum,Ebolavirus,NA
HP3,Pteropodidae,Epomops,Epomops franqueti,Ebolavirus,NA
HP3,Pteropodidae,Hypsignathus,Hypsignathus monstrosus,Ebolavirus,NA
HP3,Pteropodidae,Micropteropus,Micropteropus pusillus,Ebolavirus,NA
HP3,Pteropodidae,Myonycteris,Myonycteris torquata,Ebolavirus,NA
HP3,Pteropodidae,Rousettus,Rousettus aegyptiacus,Ebolavirus,NA
HP3,Molossidae,Chaerephon,Chaerephon pumilus,Flavivirus,NA
HP3,Pteropodidae,Cynopterus,Cynopterus brachyotis,Flavivirus,NA
HP3,Pteropodidae,Macroglossus,Macroglossus minimus,Flavivirus,NA
HP3,Vespertilionidae,Scotophilus,Scotophilus nigrita,Flavivirus,NA
HP3,Emballonuridae,Taphozous,Taphozous perforatus,Flavivirus,NA
HP3,Phyllostomidae,Anoura,Anoura geoffroyi,Flavivirus,NA
HP3,Phyllostomidae,Dermanura,Artibeus cinereus,Flavivirus,NA
HP3,Phyllostomidae,Artibeus,Artibeus jamaicensis,Flavivirus,NA
HP3,Phyllostomidae,Artibeus,Artibeus lituratus,Flavivirus,NA
HP3,Phyllostomidae,Carollia,Carollia brevicauda,Flavivirus,NA
HP3,Phyllostomidae,Carollia,Carollia perspicillata,Flavivirus,NA
HP3,Phyllostomidae,Desmodus,Desmodus rotundus,Flavivirus,NA
HP3,Molossidae,Molossus,Molossus molossus,Flavivirus,NA
HP3,Molossidae,Molossus,Molossus rufus,Flavivirus,NA
HP3,Vespertilionidae,Myotis,Myotis nigricans,Flavivirus,NA
HP3,Natalidae,Natalus,Natalus stramineus,Flavivirus,NA
HP3,Phyllostomidae,Phyllostomus,Phyllostomus hastatus,Flavivirus,NA
HP3,Mormoopidae,Pteronotus,Pteronotus davyi,Flavivirus,NA
HP3,Mormoopidae,Pteronotus,Pteronotus parnellii,Flavivirus,NA
HP3,Pteropodidae,Pteropus,Pteropus alecto,Flavivirus,NA
HP3,Pteropodidae,Pteropus,Pteropus scapulatus,Flavivirus,NA
HP3,Pteropodidae,Rousettus,Rousettus leschenaultii,Flavivirus,NA
HP3,Vespertilionidae,Scotophilus,Scotophilus kuhlii,Flavivirus,NA
HP3,Phyllostomidae,Sturnira,Sturnira lilium,Flavivirus,NA
HP3,Vespertilionidae,Pipistrellus,Pipistrellus pipistrellus,Flavivirus,NA
HP3,Phyllostomidae,Glossophaga,Glossophaga soricina,Flavivirus,NA
HP3,Natalidae,Natalus,Natalus tumidirostris,Flavivirus,NA
HP3,Phyllostomidae,Platyrrhinus,Platyrrhinus helleri,Flavivirus,NA
HP3,Pteropodidae,Cynopterus,Cynopterus sphinx,Flavivirus,NA
HP3,Hipposideridae,Hipposideros,Hipposideros armiger,Flavivirus,NA
HP3,Hipposideridae,Hipposideros,Hipposideros bicolor,Flavivirus,NA
HP3,Hipposideridae,Hipposideros,Hipposideros cineraceus,Flavivirus,NA
HP3,Hipposideridae,Hipposideros,Hipposideros pomona,Flavivirus,NA
HP3,Hipposideridae,Hipposideros,Hipposideros speoris,Flavivirus,NA
HP3,Miniopteridae,Miniopterus,Miniopterus schreibersii,Flavivirus,NA
HP3,Miniopteridae,Miniopterus,Miniopterus schreibersii,Flavivirus,NA
HP3,Vespertilionidae,Murina,Murina aurata,Flavivirus,NA
HP3,Vespertilionidae,Murina,Murina leucogaster,Flavivirus,NA
HP3,Vespertilionidae,Myotis,Myotis macrodactylus,Flavivirus,NA
HP3,Vespertilionidae,Myotis,Myotis mystacinus,Flavivirus,NA
HP3,Vespertilionidae,Pipistrellus,Pipistrellus abramus,Flavivirus,NA
HP3,Vespertilionidae,Plecotus,Plecotus auritus,Flavivirus,NA
HP3,Rhinolophidae,Rhinolophus,Rhinolophus ferrumequinum,Flavivirus,NA
HP3,Rhinolophidae,Rhinolophus,Rhinolophus pusillus,Flavivirus,NA
HP3,Rhinolophidae,Rhinolophus,Rhinolophus rouxii,Flavivirus,NA
HP3,Emballonuridae,Taphozous,Taphozous melanopogon,Flavivirus,NA
HP3,Vespertilionidae,Vespertilio,Vespertilio sinensis,Flavivirus,NA
HP3,Pteropodidae,Eonycteris,Eonycteris spelaea,Flavivirus,NA
HP3,Hipposideridae,Hipposideros,Hipposideros lankadiva,Flavivirus,NA
HP3,Vespertilionidae,Myotis,Myotis lucifugus,Flavivirus,NA
HP3,Vespertilionidae,Vespadelus,Vespadelus pumilus,Flavivirus,NA
HP3,Phyllostomidae,Dermanura,Artibeus phaeotis,Flavivirus,NA
HP3,Phyllostomidae,Dermanura,Artibeus toltecus,Flavivirus,NA
HP3,Vespertilionidae,Eptesicus,Eptesicus fuscus,Flavivirus,NA
HP3,Mormoopidae,Mormoops,Mormoops megalophylla,Flavivirus,NA
HP3,Phyllostomidae,Phyllostomus,Phyllostomus discolor,Flavivirus,NA
HP3,Molossidae,Tadarida,Tadarida brasiliensis,Flavivirus,NA
HP3,Nycteridae,Nycteris,Nycteris gambiensis,Flavivirus,NA
HP3,Phyllostomidae,Sturnira,Sturnira tildae,Flavivirus,NA
HP3,Phyllostomidae,Mimon,Mimon crenulatum,Flavivirus,NA
HP3,Phyllostomidae,Uroderma,Uroderma bilobatum,Flavivirus,NA
HP3,Pteropodidae,Pteropus,Pteropus vampyrus,Flavivirus,NA
HP3,Vespertilionidae,Barbastella,Barbastella barbastellus,Flavivirus,NA
HP3,Pteropodidae,Eidolon,Eidolon helvum,Flavivirus,NA
HP3,Vespertilionidae,Myotis,Myotis septentrionalis,Flavivirus,NA
HP3,Pteropodidae,Rousettus,Rousettus aegyptiacus,Flavivirus,NA
HP3,Pteropodidae,Dobsonia,Dobsonia anderseni,Henipavirus,NA
HP3,Pteropodidae,Dobsonia,Dobsonia moluccensis,Henipavirus,NA
HP3,Pteropodidae,Eidolon,Eidolon dupreanum,Henipavirus,NA
HP3,Pteropodidae,Eidolon,Eidolon helvum,Henipavirus,NA
HP3,Pteropodidae,Pteropus,Pteropus admiralitatum,Henipavirus,NA
HP3,Pteropodidae,Pteropus,Pteropus alecto,Henipavirus,NA
HP3,Pteropodidae,Pteropus,Pteropus capistratus,Henipavirus,NA
HP3,Pteropodidae,Pteropus,Pteropus conspicillatus,Henipavirus,NA
HP3,Pteropodidae,Pteropus,Pteropus hypomelanus,Henipavirus,NA
HP3,Pteropodidae,Pteropus,Pteropus neohibernicus,Henipavirus,NA
HP3,Pteropodidae,Pteropus,Pteropus poliocephalus,Henipavirus,NA
HP3,Pteropodidae,Pteropus,Pteropus rufus,Henipavirus,NA
HP3,Pteropodidae,Pteropus,Pteropus scapulatus,Henipavirus,NA
HP3,Pteropodidae,Cynopterus,Cynopterus brachyotis,Henipavirus,NA
HP3,Pteropodidae,Eonycteris,Eonycteris spelaea,Henipavirus,NA
HP3,Pteropodidae,Epomophorus,Epomophorus gambianus,Henipavirus,NA
HP3,Hipposideridae,Hipposideros,Hipposideros armiger,Henipavirus,NA
HP3,Hipposideridae,Hipposideros,Hipposideros larvatus,Henipavirus,NA
HP3,Hipposideridae,Hipposideros,Hipposideros pomona,Henipavirus,NA
HP3,Pteropodidae,Hypsignathus,Hypsignathus monstrosus,Henipavirus,NA
HP3,Vespertilionidae,Myotis,Myotis daubentonii,Henipavirus,NA
HP3,Vespertilionidae,Myotis,Myotis ricketti,Henipavirus,NA
HP3,Pteropodidae,Pteropus,Pteropus giganteus,Henipavirus,NA
HP3,Pteropodidae,Pteropus,Pteropus lylei,Henipavirus,NA
HP3,Pteropodidae,Pteropus,Pteropus vampyrus,Henipavirus,NA
HP3,Rhinolophidae,Rhinolophus,Rhinolophus affinis,Henipavirus,NA
HP3,Rhinolophidae,Rhinolophus,Rhinolophus sinicus,Henipavirus,NA
HP3,Pteropodidae,Rousettus,Rousettus leschenaultii,Henipavirus,NA
HP3,Vespertilionidae,Scotophilus,Scotophilus kuhlii,Henipavirus,NA
HP3,Vespertilionidae,Myotis,Myotis blythii,Lyssavirus,NA
HP3,Pteropodidae,Pteropus,Pteropus giganteus,Lyssavirus,NA
HP3,Pteropodidae,Pteropus,Pteropus lylei,Lyssavirus,NA
HP3,Pteropodidae,Eonycteris,Eonycteris spelaea,Lyssavirus,NA
HP3,Miniopteridae,Miniopterus,Miniopterus schreibersii,Lyssavirus,NA
HP3,Vespertilionidae,Philetor,Philetor brachypterus,Lyssavirus,NA
HP3,Pteropodidae,Pteropus,Pteropus alecto,Lyssavirus,NA
HP3,Pteropodidae,Pteropus,Pteropus conspicillatus,Lyssavirus,NA
HP3,Pteropodidae,Pteropus,Pteropus hypomelanus,Lyssavirus,NA
HP3,Pteropodidae,Pteropus,Pteropus poliocephalus,Lyssavirus,NA
HP3,Pteropodidae,Pteropus,Pteropus scapulatus,Lyssavirus,NA
HP3,Pteropodidae,Rousettus,Rousettus amplexicaudatus,Lyssavirus,NA
HP3,Emballonuridae,Saccolaimus,Saccolaimus flaviventris,Lyssavirus,NA
HP3,Emballonuridae,Saccolaimus,Saccolaimus saccolaimus,Lyssavirus,NA
HP3,Vespertilionidae,Scotophilus,Scotophilus kuhlii,Lyssavirus,NA
HP3,Emballonuridae,Taphozous,Taphozous melanopogon,Lyssavirus,NA
HP3,Vespertilionidae,Nyctalus,Nyctalus noctula,Lyssavirus,NA
HP3,Nycteridae,Nycteris,Nycteris thebaica,Lyssavirus,NA
HP3,Vespertilionidae,Vespertilio,Vespertilio murinus,Lyssavirus,NA
HP3,Vespertilionidae,Barbastella,Barbastella barbastellus,Lyssavirus,NA
HP3,Vespertilionidae,Eptesicus,Eptesicus serotinus,Lyssavirus,NA
HP3,Vespertilionidae,Myotis,Myotis dasycneme,Lyssavirus,NA
HP3,Vespertilionidae,Myotis,Myotis daubentonii,Lyssavirus,NA
HP3,Vespertilionidae,Myotis,Myotis myotis,Lyssavirus,NA
HP3,Vespertilionidae,Myotis,Myotis nattereri,Lyssavirus,NA
HP3,Vespertilionidae,Pipistrellus,Pipistrellus nathusii,Lyssavirus,NA
HP3,Vespertilionidae,Pipistrellus,Pipistrellus pipistrellus,Lyssavirus,NA
HP3,Vespertilionidae,Plecotus,Plecotus auritus,Lyssavirus,NA
HP3,Rhinolophidae,Rhinolophus,Rhinolophus ferrumequinum,Lyssavirus,NA
HP3,Pteropodidae,Rousettus,Rousettus aegyptiacus,Lyssavirus,NA
HP3,Molossidae,Tadarida,Tadarida teniotis,Lyssavirus,NA
HP3,Vespertilionidae,Murina,Murina leucogaster,Lyssavirus,NA
HP3,Vespertilionidae,Myotis,Myotis mystacinus,Lyssavirus,NA
HP3,Pteropodidae,Cynopterus,Cynopterus sphinx,Lyssavirus,NA
HP3,Pteropodidae,Eidolon,Eidolon helvum,Lyssavirus,NA
HP3,Pteropodidae,Epomophorus,Epomophorus gambianus,Lyssavirus,NA
HP3,Pteropodidae,Epomophorus,Epomophorus wahlbergi,Lyssavirus,NA
HP3,Pteropodidae,Epomops,Epomops dobsonii,Lyssavirus,NA
HP3,Pteropodidae,Micropteropus,Micropteropus pusillus,Lyssavirus,NA
HP3,Nycteridae,Nycteris,Nycteris gambiensis,Lyssavirus,NA
HP3,Vespertilionidae,Antrozous,Antrozous pallidus,Lyssavirus,NA
HP3,Phyllostomidae,Dermanura,Artibeus cinereus,Lyssavirus,NA
HP3,Phyllostomidae,Artibeus,Artibeus fimbriatus,Lyssavirus,NA
HP3,Phyllostomidae,Artibeus,Artibeus jamaicensis,Lyssavirus,NA
HP3,Phyllostomidae,Artibeus,Artibeus lituratus,Lyssavirus,NA
HP3,Phyllostomidae,Dermanura,Artibeus phaeotis,Lyssavirus,NA
HP3,Phyllostomidae,Artibeus,Artibeus jamaicensis,Lyssavirus,NA
HP3,Phyllostomidae,Carollia,Carollia perspicillata,Lyssavirus,NA
HP3,Phyllostomidae,Chrotopterus,Chrotopterus auritus,Lyssavirus,NA
HP3,Vespertilionidae,Corynorhinus,Corynorhinus townsendii,Lyssavirus,NA
HP3,Molossidae,Cynomops,Cynomops abrasus,Lyssavirus,NA
HP3,Molossidae,Cynomops,Cynomops planirostris,Lyssavirus,NA
HP3,Pteropodidae,Cynopterus,Cynopterus brachyotis,Lyssavirus,NA
HP3,Phyllostomidae,Desmodus,Desmodus rotundus,Lyssavirus,NA
HP3,Phyllostomidae,Diaemus,Diaemus youngi,Lyssavirus,NA
HP3,Emballonuridae,Diclidurus,Diclidurus albus,Lyssavirus,NA
HP3,Phyllostomidae,Diphylla,Diphylla ecaudata,Lyssavirus,NA
HP3,Vespertilionidae,Eptesicus,Eptesicus brasiliensis,Lyssavirus,NA
HP3,Vespertilionidae,Eptesicus,Eptesicus diminutus,Lyssavirus,NA
HP3,Vespertilionidae,Eptesicus,Eptesicus furinalis,Lyssavirus,NA
HP3,Vespertilionidae,Eptesicus,Eptesicus fuscus,Lyssavirus,NA
HP3,Vespertilionidae,Euderma,Euderma maculatum,Lyssavirus,NA
HP3,Molossidae,Eumops,Eumops auripendulus,Lyssavirus,NA
HP3,Molossidae,Eumops,Eumops glaucinus,Lyssavirus,NA
HP3,Molossidae,Eumops,Eumops patagonicus,Lyssavirus,NA
HP3,Molossidae,Eumops,Eumops perotis,Lyssavirus,NA
HP3,Phyllostomidae,Glossophaga,Glossophaga longirostris,Lyssavirus,NA
HP3,Phyllostomidae,Glossophaga,Glossophaga morenoi,Lyssavirus,NA
HP3,Phyllostomidae,Glossophaga,Glossophaga soricina,Lyssavirus,NA
HP3,Vespertilionidae,Histiotus,Histiotus montanus,Lyssavirus,NA
HP3,Vespertilionidae,Histiotus,Histiotus velatus,Lyssavirus,NA
HP3,Vespertilionidae,Lasionycteris,Lasionycteris noctivagans,Lyssavirus,NA
HP3,Vespertilionidae,Lasiurus,Lasiurus blossevillii,Lyssavirus,NA
HP3,Vespertilionidae,Lasiurus,Lasiurus borealis,Lyssavirus,NA
HP3,Vespertilionidae,Lasiurus,Lasiurus cinereus,Lyssavirus,NA
HP3,Vespertilionidae,Lasiurus,Lasiurus ega,Lyssavirus,NA
HP3,Vespertilionidae,Lasiurus,Lasiurus egregius,Lyssavirus,NA
HP3,Vespertilionidae,Lasiurus,Lasiurus intermedius,Lyssavirus,NA
HP3,Vespertilionidae,Lasiurus,Lasiurus seminolus,Lyssavirus,NA
HP3,Vespertilionidae,Lasiurus,Lasiurus xanthinus,Lyssavirus,NA
HP3,Phyllostomidae,Leptonycteris,Leptonycteris curasoae,Lyssavirus,NA
HP3,Phyllostomidae,Leptonycteris,Leptonycteris nivalis,Lyssavirus,NA
HP3,Phyllostomidae,Macrotus,Macrotus californicus,Lyssavirus,NA
HP3,Phyllostomidae,Micronycteris,Micronycteris megalotis,Lyssavirus,NA
HP3,Molossidae,Molossops,Molossops neglectus,Lyssavirus,NA
HP3,Molossidae,Molossus,Molossus molossus,Lyssavirus,NA
HP3,Molossidae,Molossus,Molossus rufus,Lyssavirus,NA
HP3,Mormoopidae,Mormoops,Mormoops megalophylla,Lyssavirus,NA
HP3,Vespertilionidae,Myotis,Myotis albescens,Lyssavirus,NA
HP3,Vespertilionidae,Myotis,Myotis austroriparius,Lyssavirus,NA
HP3,Vespertilionidae,Myotis,Myotis californicus,Lyssavirus,NA
HP3,Vespertilionidae,Myotis,Myotis chiloensis,Lyssavirus,NA
HP3,Vespertilionidae,Myotis,Myotis evotis,Lyssavirus,NA
HP3,Vespertilionidae,Myotis,Myotis grisescens,Lyssavirus,NA
HP3,Vespertilionidae,Myotis,Myotis keenii,Lyssavirus,NA
HP3,Vespertilionidae,Myotis,Myotis leibii,Lyssavirus,NA
HP3,Vespertilionidae,Myotis,Myotis levis,Lyssavirus,NA
HP3,Vespertilionidae,Myotis,Myotis lucifugus,Lyssavirus,NA
HP3,Vespertilionidae,Myotis,Myotis nigricans,Lyssavirus,NA
HP3,Vespertilionidae,Myotis,Myotis riparius,Lyssavirus,NA
HP3,Vespertilionidae,Myotis,Myotis septentrionalis,Lyssavirus,NA
HP3,Vespertilionidae,Myotis,Myotis thysanodes,Lyssavirus,NA
HP3,Vespertilionidae,Myotis,Myotis velifer,Lyssavirus,NA
HP3,Vespertilionidae,Myotis,Myotis volans,Lyssavirus,NA
HP3,Vespertilionidae,Myotis,Myotis yumanensis,Lyssavirus,NA
HP3,Vespertilionidae,Nycticeius,Nycticeius humeralis,Lyssavirus,NA
HP3,Molossidae,Nyctinomops,Nyctinomops laticaudatus,Lyssavirus,NA
HP3,Molossidae,Nyctinomops,Nyctinomops macrotis,Lyssavirus,NA
HP3,Phyllostomidae,Phyllostomus,Phyllostomus hastatus,Lyssavirus,NA
HP3,Vespertilionidae,Parastrellus,Pipistrellus hesperus,Lyssavirus,NA
HP3,Vespertilionidae,Perimyotis,Pipistrellus subflavus,Lyssavirus,NA
HP3,Phyllostomidae,Platyrrhinus,Platyrrhinus lineatus,Lyssavirus,NA
HP3,Mormoopidae,Pteronotus,Pteronotus davyi,Lyssavirus,NA
HP3,Mormoopidae,Pteronotus,Pteronotus parnellii,Lyssavirus,NA
HP3,Rhinolophidae,Rhinolophus,Rhinolophus pusillus,Lyssavirus,NA
HP3,Pteropodidae,Rousettus,Rousettus leschenaultii,Lyssavirus,NA
HP3,Phyllostomidae,Sturnira,Sturnira lilium,Lyssavirus,NA
HP3,Molossidae,Tadarida,Tadarida brasiliensis,Lyssavirus,NA
HP3,Phyllostomidae,Uroderma,Uroderma bilobatum,Lyssavirus,NA
HP3,Pteropodidae,Epomops,Epomops franqueti,Marburgvirus,NA
HP3,Pteropodidae,Hypsignathus,Hypsignathus monstrosus,Marburgvirus,NA
HP3,Miniopteridae,Miniopterus,Miniopterus inflatus,Marburgvirus,NA
HP3,Rhinolophidae,Rhinolophus,Rhinolophus eloquens,Marburgvirus,NA
HP3,Pteropodidae,Rousettus,Rousettus aegyptiacus,Marburgvirus,NA
HP3,Nycteridae,Nycteris,Nycteris gambiensis,Orbivirus,NA
HP3,Nycteridae,Nycteris,Nycteris nana,Orbivirus,NA
HP3,Pteropodidae,Eidolon,Eidolon helvum,Orbivirus,NA
HP3,Pteropodidae,Syconycteris,Syconycteris australis,Orbivirus,NA
HP3,Phyllostomidae,Anoura,Anoura geoffroyi,Orthobunyavirus,NA
HP3,Phyllostomidae,Carollia,Carollia perspicillata,Orthobunyavirus,NA
HP3,Natalidae,Natalus,Natalus tumidirostris,Orthobunyavirus,NA
HP3,Phyllostomidae,Phyllostomus,Phyllostomus hastatus,Orthobunyavirus,NA
HP3,Mormoopidae,Pteronotus,Pteronotus parnellii,Orthobunyavirus,NA
HP3,Pteropodidae,Cynopterus,Cynopterus sphinx,Orthobunyavirus,NA
HP3,Pteropodidae,Eidolon,Eidolon helvum,Orthobunyavirus,NA
HP3,Vespertilionidae,Myotis,Myotis keenii,Orthobunyavirus,NA
HP3,Vespertilionidae,Myotis,Myotis septentrionalis,Orthobunyavirus,NA
HP3,Phyllostomidae,Artibeus,Artibeus lituratus,Orthobunyavirus,NA
HP3,Molossidae,Molossus,Molossus molossus,Orthobunyavirus,NA
HP3,Molossidae,Tadarida,Chaerephon plicatus,Orthobunyavirus,NA
HP3,Emballonuridae,Taphozous,Taphozous perforatus,Orthobunyavirus,NA
HP3,Emballonuridae,Taphozous,Taphozous theobaldi,Orthobunyavirus,NA
HP3,Molossidae,Molossus,Molossus rufus,Orthobunyavirus,NA
HP3,Phyllostomidae,Artibeus,Artibeus jamaicensis,Orthobunyavirus,NA
HP3,Pteropodidae,Epomophorus,Epomophorus labiatus,Orthobunyavirus,NA
HP3,Pteropodidae,Epomops,Epomops franqueti,Orthobunyavirus,NA
HP3,Pteropodidae,Rousettus,Rousettus aegyptiacus,Orthobunyavirus,NA
HP3,Phyllostomidae,Uroderma,Uroderma bilobatum,Orthohepadnavirus,NA
HP3,Pteropodidae,Pteropus,Pteropus poliocephalus,Orthoreovirus,NA
HP3,Pteropodidae,Rousettus,Rousettus leschenaultii,Orthoreovirus,NA
HP3,Phyllostomidae,Artibeus,Artibeus lituratus,Phlebovirus,NA
HP3,Pteropodidae,Epomops,Epomops franqueti,Phlebovirus,NA
HP3,Vespertilionidae,Glauconycteris,Glauconycteris argentata,Phlebovirus,NA
HP3,Hipposideridae,Hipposideros,Hipposideros abae,Phlebovirus,NA
HP3,Hipposideridae,Hipposideros,Hipposideros caffer,Phlebovirus,NA
HP3,Pteropodidae,Micropteropus,Micropteropus pusillus,Phlebovirus,NA
HP3,Miniopteridae,Miniopterus,Miniopterus schreibersii,Phlebovirus,NA
HP3,Vespertilionidae,Pipistrellus,Pipistrellus kuhlii,Phlebovirus,NA
HP3,Phyllostomidae,Phyllostomus,Phyllostomus hastatus,Vesiculovirus,NA
HP3,Phyllostomidae,Artibeus,Artibeus lituratus,Vesiculovirus,NA
HP3,Rhinolophidae,Rhinolophus,Rhinolophus eloquens,Vesiculovirus,NA
HP3,Rhinolophidae,Rhinolophus,Rhinolophus hildebrandtii,Vesiculovirus,NA
HP3,Phyllostomidae,Artibeus,Artibeus jamaicensis,Vesiculovirus,NA
HP3,Phyllostomidae,Dermanura,Artibeus phaeotis,Vesiculovirus,NA
HP3,Phyllostomidae,Carollia,Carollia perspicillata,Vesiculovirus,NA
HP3,Phyllostomidae,Desmodus,Desmodus rotundus,Vesiculovirus,NA
HP3,Phyllostomidae,Glossophaga,Glossophaga soricina,Vesiculovirus,NA
HP3,Phyllostomidae,Lonchophylla,Lonchophylla robusta,Vesiculovirus,NA
HP3,Phyllostomidae,Lophostoma,Lophostoma silvicolum,Vesiculovirus,NA
HP3,Phyllostomidae,Sturnira,Sturnira lilium,Vesiculovirus,NA
HP3,Phyllostomidae,Vampyrodes,Vampyrodes caraccioli,Vesiculovirus,NA
